-- phpMyAdmin SQL Dump
-- version 5.2.1
-- https://www.phpmyadmin.net/
--
-- Host: localhost
-- Generation Time: Jun 09, 2024 at 10:49 AM
-- Server version: 10.4.28-MariaDB
-- PHP Version: 8.2.4

SET SQL_MODE = "NO_AUTO_VALUE_ON_ZERO";
START TRANSACTION;
SET time_zone = "+00:00";


/*!40101 SET @OLD_CHARACTER_SET_CLIENT=@@CHARACTER_SET_CLIENT */;
/*!40101 SET @OLD_CHARACTER_SET_RESULTS=@@CHARACTER_SET_RESULTS */;
/*!40101 SET @OLD_COLLATION_CONNECTION=@@COLLATION_CONNECTION */;
/*!40101 SET NAMES utf8mb4 */;

--
-- Database: `adidas`
--

-- --------------------------------------------------------

--
-- Table structure for table `carts`
--

CREATE TABLE `carts` (
  `id` int(11) NOT NULL,
  `user_id` int(11) NOT NULL
) ENGINE=InnoDB DEFAULT CHARSET=utf8mb4 COLLATE=utf8mb4_general_ci;

-- --------------------------------------------------------

--
-- Table structure for table `cart_details`
--

CREATE TABLE `cart_details` (
  `id` int(11) NOT NULL,
  `cart_id` int(11) NOT NULL,
  `product_id` int(11) NOT NULL,
  `quantity` int(11) NOT NULL
) ENGINE=InnoDB DEFAULT CHARSET=utf8mb4 COLLATE=utf8mb4_general_ci;

-- --------------------------------------------------------

--
-- Table structure for table `categories`
--

CREATE TABLE `categories` (
  `id` int(11) NOT NULL,
  `name` varchar(225) NOT NULL
) ENGINE=InnoDB DEFAULT CHARSET=utf8mb4 COLLATE=utf8mb4_general_ci;

--
-- Dumping data for table `categories`
--

INSERT INTO `categories` (`id`, `name`) VALUES
(1, 'Women'),
(2, 'Men');

-- --------------------------------------------------------

--
-- Table structure for table `orders`
--

CREATE TABLE `orders` (
  `id` int(11) NOT NULL,
  `user_id` int(11) NOT NULL,
  `user_name` varchar(255) NOT NULL,
  `user_email` varchar(255) NOT NULL,
  `user_phone` varchar(255) NOT NULL,
  `user_adress` varchar(255) NOT NULL,
  `shipping_name` varchar(255) DEFAULT NULL,
  `shipping_email` varchar(255) DEFAULT NULL,
  `shipping_phone` varchar(255) DEFAULT NULL,
  `shipping_adress` varchar(255) DEFAULT NULL,
  `status_delivery` enum('0','1','2','3','4','5') NOT NULL DEFAULT '0',
  `status_payment` tinyint(1) NOT NULL DEFAULT 0,
  `created_at` timestamp NULL DEFAULT current_timestamp(),
  `updated_at` timestamp NULL DEFAULT current_timestamp()
) ENGINE=InnoDB DEFAULT CHARSET=utf8mb4 COLLATE=utf8mb4_general_ci;

-- --------------------------------------------------------

--
-- Table structure for table `order_details`
--

CREATE TABLE `order_details` (
  `id` int(11) NOT NULL,
  `order_id` int(11) NOT NULL,
  `product_id` int(11) NOT NULL,
  `quantity` int(11) NOT NULL,
  `price_regular` int(11) NOT NULL,
  `price_sale` int(11) NOT NULL
) ENGINE=InnoDB DEFAULT CHARSET=utf8mb4 COLLATE=utf8mb4_general_ci;

-- --------------------------------------------------------

--
-- Table structure for table `products`
--

CREATE TABLE `products` (
  `id` int(11) NOT NULL,
  `category_id` int(11) NOT NULL,
  `name` varchar(225) NOT NULL,
  `img_thumbnail` varchar(225) DEFAULT NULL,
  `price_regular` int(11) NOT NULL,
  `price_sale` int(11) NOT NULL,
  `overview` varchar(225) DEFAULT NULL,
  `content` text DEFAULT NULL,
  `created_at` timestamp NOT NULL DEFAULT current_timestamp(),
  `updated_at` timestamp NOT NULL DEFAULT current_timestamp()
) ENGINE=InnoDB DEFAULT CHARSET=utf8mb4 COLLATE=utf8mb4_general_ci;

--
-- Dumping data for table `products`
--

INSERT INTO `products` (`id`, `category_id`, `name`, `img_thumbnail`, `price_regular`, `price_sale`, `overview`, `content`, `created_at`, `updated_at`) VALUES
(2, 2, 'Only Check Trouser\r\n								', 'assets/client/images/product-03.jpg\n', 10000, 500, '11222', 'Aenean sit amet gravida nisi. Nam fermentum est felis, quis feugiat nunc fringilla sit amet. Ut in blandit ipsum. Quisque luctus dui at ante aliquet, in hendrerit lectus interdum. Morbi elementum sapien rhoncus pretium maximus. Nulla lectus enim, cursus et elementum sed, sodales vitae eros. Ut ex quam, porta consequat interdum in, faucibus eu velit. Quisque rhoncus ex ac libero varius molestie. Aenean tempor sit amet orci nec iaculis. Cras sit amet nulla libero. Curabitur dignissim, nunc nec laoreet consequat, purus nunc porta lacus, vel efficitur tellus augue in ipsum. Cras in arcu sed metus rutrum iaculis. Nulla non tempor erat. Duis in egestas nunc.', '2024-06-04 08:52:12', '2024-06-07 20:07:38'),
(3, 1, 'Classic Trench Coat\r\n								', 'assets/client/images/product-04.jpg', 100000, 0, 'okok', 'Aenean sit amet gravida nisi. Nam fermentum est felis, quis feugiat nunc fringilla sit amet. Ut in blandit ipsum. Quisque luctus dui at ante aliquet, in hendrerit lectus interdum. Morbi elementum sapien rhoncus pretium maximus. Nulla lectus enim, cursus et elementum sed, sodales vitae eros. Ut ex quam, porta consequat interdum in, faucibus eu velit. Quisque rhoncus ex ac libero varius molestie. Aenean tempor sit amet orci nec iaculis. Cras sit amet nulla libero. Curabitur dignissim, nunc nec laoreet consequat, purus nunc porta lacus, vel efficitur tellus augue in ipsum. Cras in arcu sed metus rutrum iaculis. Nulla non tempor erat. Duis in egestas nunc.', '2024-06-06 07:43:36', '2024-06-06 07:43:36'),
(4, 1, 'Front Pocket Jumper\r\n								', 'assets/client/images/product-05.jpg\n', 22222, 1, '1111', 'Aenean sit amet gravida nisi. Nam fermentum est felis, quis feugiat nunc fringilla sit amet. Ut in blandit ipsum. Quisque luctus dui at ante aliquet, in hendrerit lectus interdum. Morbi elementum sapien rhoncus pretium maximus. Nulla lectus enim, cursus et elementum sed, sodales vitae eros. Ut ex quam, porta consequat interdum in, faucibus eu velit. Quisque rhoncus ex ac libero varius molestie. Aenean tempor sit amet orci nec iaculis. Cras sit amet nulla libero. Curabitur dignissim, nunc nec laoreet consequat, purus nunc porta lacus, vel efficitur tellus augue in ipsum. Cras in arcu sed metus rutrum iaculis. Nulla non tempor erat. Duis in egestas nunc.', '2024-06-06 08:02:29', '2024-06-07 07:54:18'),
(5, 1, 'Esprit Ruffle Shirt', 'assets/client/images/product-01.jpg\r\n', 1000, 10, 'okokok', 'Aenean sit amet gravida nisi. Nam fermentum est felis, quis feugiat nunc fringilla sit amet. Ut in blandit ipsum. Quisque luctus dui at ante aliquet, in hendrerit lectus interdum. Morbi elementum sapien rhoncus pretium maximus. Nulla lectus enim, cursus et elementum sed, sodales vitae eros. Ut ex quam, porta consequat interdum in, faucibus eu velit. Quisque rhoncus ex ac libero varius molestie. Aenean tempor sit amet orci nec iaculis. Cras sit amet nulla libero. Curabitur dignissim, nunc nec laoreet consequat, purus nunc porta lacus, vel efficitur tellus augue in ipsum. Cras in arcu sed metus rutrum iaculis. Nulla non tempor erat. Duis in egestas nunc.', '2024-06-07 20:02:17', '2024-06-07 20:02:17'),
(6, 1, 'Herschel supply						\r\n								', 'assets/client/images/product-02.jpg\r\n', 1000, 10, 'okokok', 'Aenean sit amet gravida nisi. Nam fermentum est felis, quis feugiat nunc fringilla sit amet. Ut in blandit ipsum. Quisque luctus dui at ante aliquet, in hendrerit lectus interdum. Morbi elementum sapien rhoncus pretium maximus. Nulla lectus enim, cursus et elementum sed, sodales vitae eros. Ut ex quam, porta consequat interdum in, faucibus eu velit. Quisque rhoncus ex ac libero varius molestie. Aenean tempor sit amet orci nec iaculis. Cras sit amet nulla libero. Curabitur dignissim, nunc nec laoreet consequat, purus nunc porta lacus, vel efficitur tellus augue in ipsum. Cras in arcu sed metus rutrum iaculis. Nulla non tempor erat. Duis in egestas nunc.', '2024-06-07 20:02:17', '2024-06-07 20:02:17'),
(8, 1, 'Shirt in Stretch Cotton\r\n								', 'assets/client/images/product-07.jpg\r\n', 10000, 10, 'okok', 'Aenean sit amet gravida nisi. Nam fermentum est felis, quis feugiat nunc fringilla sit amet. Ut in blandit ipsum. Quisque luctus dui at ante aliquet, in hendrerit lectus interdum. Morbi elementum sapien rhoncus pretium maximus. Nulla lectus enim, cursus et elementum sed, sodales vitae eros. Ut ex quam, porta consequat interdum in, faucibus eu velit. Quisque rhoncus ex ac libero varius molestie. Aenean tempor sit amet orci nec iaculis. Cras sit amet nulla libero. Curabitur dignissim, nunc nec laoreet consequat, purus nunc porta lacus, vel efficitur tellus augue in ipsum. Cras in arcu sed metus rutrum iaculis. Nulla non tempor erat. Duis in egestas nunc.', '2024-06-09 08:48:03', '2024-06-09 08:48:03'),
(9, 1, 'Pieces Metallic Printed\r\n								', 'assets/client/images/product-08.jpg', 10000, 10, 'okok', 'Aenean sit amet gravida nisi. Nam fermentum est felis, quis feugiat nunc fringilla sit amet. Ut in blandit ipsum. Quisque luctus dui at ante aliquet, in hendrerit lectus interdum. Morbi elementum sapien rhoncus pretium maximus. Nulla lectus enim, cursus et elementum sed, sodales vitae eros. Ut ex quam, porta consequat interdum in, faucibus eu velit. Quisque rhoncus ex ac libero varius molestie. Aenean tempor sit amet orci nec iaculis. Cras sit amet nulla libero. Curabitur dignissim, nunc nec laoreet consequat, purus nunc porta lacus, vel efficitur tellus augue in ipsum. Cras in arcu sed metus rutrum iaculis. Nulla non tempor erat. Duis in egestas nunc.', '2024-06-09 08:48:03', '2024-06-09 08:48:03'),
(10, 1, 'Femme T-Shirt In Stripe\r\n								', 'assets/client/images/product-10.jpg', 20000, 2000, 'okokok', 'Aenean sit amet gravida nisi. Nam fermentum est felis, quis feugiat nunc fringilla sit amet. Ut in blandit ipsum. Quisque luctus dui at ante aliquet, in hendrerit lectus interdum. Morbi elementum sapien rhoncus pretium maximus. Nulla lectus enim, cursus et elementum sed, sodales vitae eros. Ut ex quam, porta consequat interdum in, faucibus eu velit. Quisque rhoncus ex ac libero varius molestie. Aenean tempor sit amet orci nec iaculis. Cras sit amet nulla libero. Curabitur dignissim, nunc nec laoreet consequat, purus nunc porta lacus, vel efficitur tellus augue in ipsum. Cras in arcu sed metus rutrum iaculis. Nulla non tempor erat. Duis in egestas nunc.', '2024-06-09 08:48:03', '2024-06-09 08:48:03'),
(11, 2, 'Herschel supply \r\n								', 'assets/client/images/product-11.jpg', 20000, 10000, 'okok', 'Aenean sit amet gravida nisi. Nam fermentum est felis, quis feugiat nunc fringilla sit amet. Ut in blandit ipsum. Quisque luctus dui at ante aliquet, in hendrerit lectus interdum. Morbi elementum sapien rhoncus pretium maximus. Nulla lectus enim, cursus et elementum sed, sodales vitae eros. Ut ex quam, porta consequat interdum in, faucibus eu velit. Quisque rhoncus ex ac libero varius molestie. Aenean tempor sit amet orci nec iaculis. Cras sit amet nulla libero. Curabitur dignissim, nunc nec laoreet consequat, purus nunc porta lacus, vel efficitur tellus augue in ipsum. Cras in arcu sed metus rutrum iaculis. Nulla non tempor erat. Duis in egestas nunc.', '2024-06-09 08:48:03', '2024-06-09 08:48:03'),
(12, 1, 'T-Shirt with Sleeve\r\n								', 'assets/client/images/product-13.jpg', 10000, 8000, 'okok', 'Aenean sit amet gravida nisi. Nam fermentum est felis, quis feugiat nunc fringilla sit amet. Ut in blandit ipsum. Quisque luctus dui at ante aliquet, in hendrerit lectus interdum. Morbi elementum sapien rhoncus pretium maximus. Nulla lectus enim, cursus et elementum sed, sodales vitae eros. Ut ex quam, porta consequat interdum in, faucibus eu velit. Quisque rhoncus ex ac libero varius molestie. Aenean tempor sit amet orci nec iaculis. Cras sit amet nulla libero. Curabitur dignissim, nunc nec laoreet consequat, purus nunc porta lacus, vel efficitur tellus augue in ipsum. Cras in arcu sed metus rutrum iaculis. Nulla non tempor erat. Duis in egestas nunc.', '2024-06-09 08:48:03', '2024-06-09 08:48:03'),
(13, 1, 'Pretty Little Thing\r\n								', 'assets/client/images/product-14.jpg', 1000, 900, 'okok', 'Aenean sit amet gravida nisi. Nam fermentum est felis, quis feugiat nunc fringilla sit amet. Ut in blandit ipsum. Quisque luctus dui at ante aliquet, in hendrerit lectus interdum. Morbi elementum sapien rhoncus pretium maximus. Nulla lectus enim, cursus et elementum sed, sodales vitae eros. Ut ex quam, porta consequat interdum in, faucibus eu velit. Quisque rhoncus ex ac libero varius molestie. Aenean tempor sit amet orci nec iaculis. Cras sit amet nulla libero. Curabitur dignissim, nunc nec laoreet consequat, purus nunc porta lacus, vel efficitur tellus augue in ipsum. Cras in arcu sed metus rutrum iaculis. Nulla non tempor erat. Duis in egestas nunc.', '2024-06-09 08:48:03', '2024-06-09 08:48:03'),
(14, 1, 'Square Neck Back								', 'assets/client/images/product-16.jpg', 10000, 9000, 'okok', 'Aenean sit amet gravida nisi. Nam fermentum est felis, quis feugiat nunc fringilla sit amet. Ut in blandit ipsum. Quisque luctus dui at ante aliquet, in hendrerit lectus interdum. Morbi elementum sapien rhoncus pretium maximus. Nulla lectus enim, cursus et elementum sed, sodales vitae eros. Ut ex quam, porta consequat interdum in, faucibus eu velit. Quisque rhoncus ex ac libero varius molestie. Aenean tempor sit amet orci nec iaculis. Cras sit amet nulla libero. Curabitur dignissim, nunc nec laoreet consequat, purus nunc porta lacus, vel efficitur tellus augue in ipsum. Cras in arcu sed metus rutrum iaculis. Nulla non tempor erat. Duis in egestas nunc.', '2024-06-09 08:48:03', '2024-06-09 08:48:03');

-- --------------------------------------------------------

--
-- Table structure for table `users`
--

CREATE TABLE `users` (
  `id` int(11) NOT NULL,
  `name` varchar(255) NOT NULL,
  `avatar` varchar(255) DEFAULT NULL,
  `email` varchar(255) NOT NULL,
  `password` varchar(255) NOT NULL,
  `type` enum('admin','member') NOT NULL DEFAULT 'member',
  `created_at` timestamp NULL DEFAULT current_timestamp(),
  `updated_at` timestamp NULL DEFAULT current_timestamp(),
  `is_active` tinyint(1) NOT NULL DEFAULT 1
) ENGINE=InnoDB DEFAULT CHARSET=utf8mb4 COLLATE=utf8mb4_general_ci;

--
-- Dumping data for table `users`
--

INSERT INTO `users` (`id`, `name`, `avatar`, `email`, `password`, `type`, `created_at`, `updated_at`, `is_active`) VALUES
(106, 'Admin', NULL, 'ductv44@fpt.edu.vn', '$2y$10$hReLL2ozoAtf7SVLj9PBh.Z0XdhO/Bflcn63cCTttyMrXxHDgB8S2', 'admin', '2024-06-03 17:03:31', '2024-06-03 17:03:31', 1),
(107, 'ductv55', 'assets/uploads/1717645479boy.jpg', 'ductv55@fpt.edu.vn', '$2y$10$/g.BJf1jhyeytlFR8.AryevaAaL1fp.wLSqhHwtDn1cxntYo9v1SG', 'member', '2024-06-03 17:04:08', '2024-06-03 17:04:08', 1),
(111, '1', 'assets/uploads/1717647202anh 76.png', 'thuonghihi88@gmail.com', '$2y$10$8nNuBLYCHnOdZLHSvgWvXeK/ZaNVvzoReD/tSQMid9NPgdj2eNwZW', 'member', '2024-06-05 21:13:22', '2024-06-05 21:13:22', 1);

--
-- Indexes for dumped tables
--

--
-- Indexes for table `carts`
--
ALTER TABLE `carts`
  ADD PRIMARY KEY (`id`),
  ADD UNIQUE KEY `user_id` (`user_id`);

--
-- Indexes for table `cart_details`
--
ALTER TABLE `cart_details`
  ADD PRIMARY KEY (`id`),
  ADD KEY `cart_id` (`cart_id`),
  ADD KEY `product_id` (`product_id`);

--
-- Indexes for table `categories`
--
ALTER TABLE `categories`
  ADD PRIMARY KEY (`id`);

--
-- Indexes for table `orders`
--
ALTER TABLE `orders`
  ADD PRIMARY KEY (`id`),
  ADD KEY `user_id` (`user_id`);

--
-- Indexes for table `order_details`
--
ALTER TABLE `order_details`
  ADD PRIMARY KEY (`id`),
  ADD KEY `order_id` (`order_id`),
  ADD KEY `product_id` (`product_id`);

--
-- Indexes for table `products`
--
ALTER TABLE `products`
  ADD PRIMARY KEY (`id`),
  ADD KEY `fk_cate` (`category_id`);

--
-- Indexes for table `users`
--
ALTER TABLE `users`
  ADD PRIMARY KEY (`id`),
  ADD UNIQUE KEY `email` (`email`);

--
-- AUTO_INCREMENT for dumped tables
--

--
-- AUTO_INCREMENT for table `carts`
--
ALTER TABLE `carts`
  MODIFY `id` int(11) NOT NULL AUTO_INCREMENT;

--
-- AUTO_INCREMENT for table `cart_details`
--
ALTER TABLE `cart_details`
  MODIFY `id` int(11) NOT NULL AUTO_INCREMENT;

--
-- AUTO_INCREMENT for table `categories`
--
ALTER TABLE `categories`
  MODIFY `id` int(11) NOT NULL AUTO_INCREMENT, AUTO_INCREMENT=4;

--
-- AUTO_INCREMENT for table `orders`
--
ALTER TABLE `orders`
  MODIFY `id` int(11) NOT NULL AUTO_INCREMENT;

--
-- AUTO_INCREMENT for table `order_details`
--
ALTER TABLE `order_details`
  MODIFY `id` int(11) NOT NULL AUTO_INCREMENT;

--
-- AUTO_INCREMENT for table `products`
--
ALTER TABLE `products`
  MODIFY `id` int(11) NOT NULL AUTO_INCREMENT, AUTO_INCREMENT=15;

--
-- AUTO_INCREMENT for table `users`
--
ALTER TABLE `users`
  MODIFY `id` int(11) NOT NULL AUTO_INCREMENT, AUTO_INCREMENT=112;

--
-- Constraints for dumped tables
--

--
-- Constraints for table `carts`
--
ALTER TABLE `carts`
  ADD CONSTRAINT `carts_ibfk_1` FOREIGN KEY (`user_id`) REFERENCES `users` (`id`);

--
-- Constraints for table `cart_details`
--
ALTER TABLE `cart_details`
  ADD CONSTRAINT `cart_details_ibfk_1` FOREIGN KEY (`cart_id`) REFERENCES `carts` (`id`),
  ADD CONSTRAINT `cart_details_ibfk_2` FOREIGN KEY (`product_id`) REFERENCES `products` (`id`);

--
-- Constraints for table `orders`
--
ALTER TABLE `orders`
  ADD CONSTRAINT `orders_ibfk_1` FOREIGN KEY (`user_id`) REFERENCES `users` (`id`);

--
-- Constraints for table `order_details`
--
ALTER TABLE `order_details`
  ADD CONSTRAINT `order_details_ibfk_1` FOREIGN KEY (`order_id`) REFERENCES `orders` (`id`),
  ADD CONSTRAINT `order_details_ibfk_2` FOREIGN KEY (`product_id`) REFERENCES `products` (`id`);

--
-- Constraints for table `products`
--
ALTER TABLE `products`
  ADD CONSTRAINT `fk_cate` FOREIGN KEY (`category_id`) REFERENCES `categories` (`id`);
COMMIT;

/*!40101 SET CHARACTER_SET_CLIENT=@OLD_CHARACTER_SET_CLIENT */;
/*!40101 SET CHARACTER_SET_RESULTS=@OLD_CHARACTER_SET_RESULTS */;
/*!40101 SET COLLATION_CONNECTION=@OLD_COLLATION_CONNECTION */;
